RegionName,date,rent_index,rent_growth
"Seattle, WA",2015-01-31,1751.171680068968,
"Seattle, WA",2015-02-28,1760.9082654869658,0.00556004047393821
"Seattle, WA",2015-03-31,1773.0086993200557,0.006871700286865012
"Seattle, WA",2015-04-30,1777.8456524932087,0.002728104591369407
"Seattle, WA",2015-05-31,1786.3529641159157,0.004785180091858132
"Seattle, WA",2015-06-30,1793.6141287060866,0.004064798355102539
"Seattle, WA",2015-07-31,1810.512178800425,0.009421229362487571
"Seattle, WA",2015-08-31,1819.8528639384272,0.005159139633178711
"Seattle, WA",2015-09-30,1830.8252086110372,0.006029248237609863
"Seattle, WA",2015-10-31,1841.613810452017,0.005892753601073997
"Seattle, WA",2015-11-30,1854.1717930381003,0.006819009780884011
"Seattle, WA",2015-12-31,1870.7960189795424,0.008965849876403809
"Seattle, WA",2016-01-31,1881.4352328850484,0.00568699836730957
"Seattle, WA",2016-02-29,1898.161926610408,0.008890390396118164
"Seattle, WA",2016-03-31,1901.400651277906,0.00170624256134011
"Seattle, WA",2016-04-30,1915.0025685069077,0.007153630256653054
"Seattle, WA",2016-05-31,1923.9954426740148,0.004696011543273704
"Seattle, WA",2016-06-30,1942.086065163576,0.009402632713317871
"Seattle, WA",2016-07-31,1954.6392552310224,0.006463766098022683
"Seattle, WA",2016-08-31,1965.382001610776,0.005496025085449219
"Seattle, WA",2016-09-30,1971.889456136573,0.0033110380172729492
"Seattle, WA",2016-10-31,1978.198198805654,0.003199338912963867
"Seattle, WA",2016-11-30,1987.5126014403256,0.004708528518676758
"Seattle, WA",2016-12-31,1990.010317133368,0.001256704330444114
"Seattle, WA",2017-01-31,2006.575454093492,0.008324146270752175
"Seattle, WA",2017-02-28,2018.746313153747,0.006065487861633079
"Seattle, WA",2017-03-31,2045.06247497491,0.013035893440246582
"Seattle, WA",2017-04-30,2058.771055472451,0.0067032575607299805
"Seattle, WA",2017-05-31,2071.0314885320454,0.005955219268798606
"Seattle, WA",2017-06-30,2083.9295638808258,0.006227850914001687
"Seattle, WA",2017-07-31,2092.5044069008445,0.004114747047424316
"Seattle, WA",2017-08-31,2107.1980213942734,0.0070220232009887695
"Seattle, WA",2017-09-30,2118.060558306137,0.005154967308044434
"Seattle, WA",2017-10-31,2129.9403301667726,0.005608797073364258
"Seattle, WA",2017-11-30,2133.1591304212993,0.001511216163635254
"Seattle, WA",2017-12-31,2138.9458079215315,0.002712726593017578
"Seattle, WA",2018-01-31,2138.8852496466207,-2.831220626842157e-05
"Seattle, WA",2018-02-28,2143.5826539065692,0.002196192741394043
"Seattle, WA",2018-03-31,2149.3015264292135,0.0026679039001467064
"Seattle, WA",2018-04-30,2160.6475709094016,0.005278944969177024
"Seattle, WA",2018-05-31,2173.999961446179,0.006179809570312056
"Seattle, WA",2018-06-30,2179.061893920193,0.0023283958435063035
"Seattle, WA",2018-07-31,2183.2137086492307,0.0019053220748899147
"Seattle, WA",2018-08-31,2181.178220232637,-0.0009323358535765491
"Seattle, WA",2018-09-30,2191.1802828630152,0.004585623741149902
"Seattle, WA",2018-10-31,2196.9336732837305,0.0026257038116452858
"Seattle, WA",2018-11-30,2207.8033593122077,0.004947662353515847
"Seattle, WA",2018-12-31,2217.847768039471,0.004549503326415794
"Seattle, WA",2019-01-31,2227.889226435207,0.004527568817138672
"Seattle, WA",2019-02-28,2239.7967340297,0.005344748497009277
"Seattle, WA",2019-03-31,2242.754877742735,0.0013207197189331055
"Seattle, WA",2019-04-30,2245.872797591205,0.001390218734741211
"Seattle, WA",2019-05-31,2249.178714056089,0.0014719963073730469
"Seattle, WA",2019-06-30,2256.698223495045,0.00334322452545166
"Seattle, WA",2019-07-31,2268.147150777796,0.0050733089447021484
"Seattle, WA",2019-08-31,2282.0362468997214,0.006123542785644531
"Seattle, WA",2019-09-30,2289.394654688283,0.003224492073059082
"Seattle, WA",2019-10-31,2299.5206982312525,0.004423022270202859
"Seattle, WA",2019-11-30,2309.198928251269,0.004208803176879883
"Seattle, WA",2019-12-31,2319.5369921768306,0.00447690486907959
"Seattle, WA",2020-01-31,2330.041897146736,0.0045288801193237305
"Seattle, WA",2020-02-29,2337.630094686561,0.003256678581237793
"Seattle, WA",2020-03-31,2348.7150896083576,0.004741979899639759
"Seattle, WA",2020-04-30,2346.998759139786,-0.0007307529449464001
"Seattle, WA",2020-05-31,2347.146205336589,6.282329559348376e-05
"Seattle, WA",2020-06-30,2349.8932977557356,0.0011703968048095703
"Seattle, WA",2020-07-31,2360.566216867523,0.004541873931884766
"Seattle, WA",2020-08-31,2377.2561351856057,0.007070302963256836
"Seattle, WA",2020-09-30,2396.7494695403493,0.008199930191040039
"Seattle, WA",2020-10-31,2414.52750163378,0.007417559623718262
"Seattle, WA",2020-11-30,2427.313092714275,0.005295276641845481
"Seattle, WA",2020-12-31,2438.2936603176636,0.004523754119873269
"Seattle, WA",2021-01-31,2447.416833449176,0.003741621971130371
"Seattle, WA",2021-02-28,2459.243698666567,0.0048323869705200195
"Seattle, WA",2021-03-31,2473.503522554731,0.005798459053039551
"Seattle, WA",2021-04-30,2492.189386970831,0.007554411888122559
"Seattle, WA",2021-05-31,2513.8337367364147,0.008684873580932617
"Seattle, WA",2021-06-30,2534.805406000766,0.008342504501342995
"Seattle, WA",2021-07-31,2558.9519986170285,0.009526014328002708
"Seattle, WA",2021-08-31,2585.240060645058,0.010272979736328125
"Seattle, WA",2021-09-30,2612.0360979366997,0.010365009307861328
"Seattle, WA",2021-10-31,2630.9277712748644,0.007232546806335449
"Seattle, WA",2021-11-30,2651.1049099893207,0.007669210433959961
"Seattle, WA",2021-12-31,2667.998316125186,0.006372213363647461
"Seattle, WA",2022-01-31,2686.499295316132,0.006934404373168945
"Seattle, WA",2022-02-28,2706.4925366867255,0.007442116737365945
"Seattle, WA",2022-03-31,2726.1993300117715,0.007281303405761719
"Seattle, WA",2022-04-30,2750.879915362653,0.00905311107635498
"Seattle, WA",2022-05-31,2766.4805502014183,0.005671143531799316
"Seattle, WA",2022-06-30,2782.951920788744,0.0059539079666135475
"Seattle, WA",2022-07-31,2792.035669432514,0.0032640695571901635
"Seattle, WA",2022-08-31,2798.5276470922504,0.0023251771926882103
"Seattle, WA",2022-09-30,2803.1468179727635,0.0016505718231201172
"Seattle, WA",2022-10-31,2816.746173914898,0.0048514604568481445
"Seattle, WA",2022-11-30,2820.8380171474496,0.0014526844024658203
"Seattle, WA",2022-12-31,2833.548017964524,0.004505753517150657
"Seattle, WA",2023-01-31,2839.1961250650575,0.0019932985305788353
"Seattle, WA",2023-02-28,2856.4849264090285,0.006089329719543457
"Seattle, WA",2023-03-31,2860.323943688217,0.0013439655303955078
"Seattle, WA",2023-04-30,2867.632448676054,0.0025551319122314453
"Seattle, WA",2023-05-31,2875.8887718825295,0.0028791427612304688
"Seattle, WA",2023-06-30,2888.753224515925,0.004473209381103738
"Seattle, WA",2023-07-31,2899.9330738346566,0.0038701295852658912
"Seattle, WA",2023-08-31,2910.996131999832,0.0038149356842041016
"Seattle, WA",2023-09-30,2920.6425322699756,0.003313779830932617
"Seattle, WA",2023-10-31,2927.8099129807338,0.002454042434692383
"Seattle, WA",2023-11-30,2941.050416871109,0.0045223236083982155
"Seattle, WA",2023-12-31,2950.8093826439294,0.003318190574645996
"Seattle, WA",2024-01-31,2963.7701231748397,0.004392266273498535
"Seattle, WA",2024-02-29,2969.603960239805,0.0019683837890625
"Seattle, WA",2024-03-31,2985.6265524081855,0.00539553165435791
"Seattle, WA",2024-04-30,2997.3735078461114,0.003934502601623313
"Seattle, WA",2024-05-31,3010.792463897838,0.00447690486907959
"Seattle, WA",2024-06-30,3013.691415753843,0.0009628534317014381
"Seattle, WA",2024-07-31,3026.0776232081603,0.004109978675842285
"Seattle, WA",2024-08-31,3034.7886897456874,0.0028786659240722656
"Seattle, WA",2024-09-30,3052.1433984453656,0.005718588829040527
"Seattle, WA",2024-10-31,3054.981744289071,0.0009299516677856445
"Seattle, WA",2024-11-30,3071.2996562735575,0.0053414106369018555
"Seattle, WA",2024-12-31,3080.887069679832,0.00312161445617698
"Seattle, WA",2025-01-31,3093.287586073096,0.004024982452392356
"Seattle, WA",2025-02-28,3102.3565895229985,0.002931833267211914
"Seattle, WA",2025-03-31,3109.6633153992357,0.002355217933655007
"Seattle, WA",2025-04-30,3116.6903189028812,0.0022597312927246094
"Seattle, WA",2025-05-31,3123.199672348313,0.0020885467529296875
"Seattle, WA",2025-06-30,3134.797266346465,0.003713369369506836
"Seattle, WA",2025-07-31,3140.718494598549,0.001888871192932129
"Seattle, WA",2025-08-31,3149.3522236374365,0.0027489662170410156
"Seattle, WA",2025-09-30,3151.6228366221603,0.000720977783203125
"Seattle, WA",2025-10-31,3163.8816406497353,0.0038896799087526635
"Seattle, WA",2025-11-30,3163.744918669791,-4.3213367462269225e-05
"Seattle, WA",2025-12-31,3168.0006542652877,0.0013451576232910156
"Seattle, WA",2026-01-31,3169.0705511842443,0.0003377199172973633
